"0","data_nivel_educativo = data %>% separate(`Nivel educativo en el que labora`, into = paste(""Nivel"", 1:4),sep = "","")"
"2","Expected 4 pieces. Missing pieces filled with `NA` in 47 rows [1, 2, 3, 4, 5, 6, 7, 8, 9, 10, 11, 12, 13, 14, 15, 16, 17, 18, 19, 20, ...]."
"0","data_nivel_educativo2 = data_nivel_educativo %>% select(`Número de identificación`, `Nivel 1`, `Nivel 2`, `Nivel 3`,`Nivel 4`) %>%"
"0","  pivot_longer(c(`Nivel 1`, `Nivel 2`, `Nivel 3`,`Nivel 4`), names_to = ""Nivel educativo en el que labora"")"
"0",""
"0","data_nivel_educativo2$value <- chartr(""áéíóú"", ""aeiou"", data_nivel_educativo2$value)"
"0","data_nivel_educativo2$value <- str_to_upper(data_nivel_educativo2$value)"
"0","data_nivel_educativo2$value <- gsub(""_"", "" "", data_nivel_educativo2$value)"
"0","data_nivel_educativo2$value <- gsub(""  "", "" "", data_nivel_educativo2$value)"
"0","data_nivel_educativo2$value <- gsub("" $"", """", data_nivel_educativo2$value)"
"0","data_nivel_educativo2$value <- gsub(""^ "", """", data_nivel_educativo2$value)"
"0",""
"0",""
"0","data_nivel_educativo3 = data_nivel_educativo2 %>% group_by(`value`) %>% "
"0","  tally()"
"0",""
"0","data_nivel_educativo3 = data_nivel_educativo3[complete.cases(data_nivel_educativo3[,1]), ]"
"0",""
"0","data_nivel_educativo3$Porcentaje = data_nivel_educativo3$n / sum(data_nivel_educativo3$n)"
"0",""
"0",""
"0","data_nivel_educativo3 %>% arrange(Porcentaje) %>%    # First sort by val. This sort the dataframe but NOT the factor levels"
"0","  mutate(name=factor(value, levels=value)) %>%   # This trick update the factor levels"
"0","  ggplot(aes(x=name, y=Porcentaje)) +"
"0","  scale_y_continuous(labels = percent_format()) +"
"0","  geom_segment(aes(xend=name, yend=0)) +"
"0","  geom_point( size=4, color=""orange"") +"
"0","  coord_flip() +"
"0","  theme_bw() +"
"0","  xlab("""")"
